,name,dis_rmsd,cry_disrmsd,lost_pairs
0,9ca2_5txy_ligand_3,9.110425546922475,4.202212865888411,181
1,9atc_2h3e_ligand_8,49.81120298286319,4.061588689178105,284
2,9ca2_6c7x_ligand_4,19.713245976963712,4.158891434524807,195
3,9ca2_6ugr_ligand_7,18.383950342848877,4.221925792302079,144
4,9ca2_5e2k_ligand_3,21.097768077733768,4.217352004668287,211
5,9ca2_3hku_ligand_1,12.763907573339003,4.2009005750791575,294
6,9pai_4aqh_ligand_5,12.310070004897177,4.258843038370599,0
7,9ca2_5flq_ligand_2,19.07534801085669,4.303640527800983,101
8,9ca2_3daz_ligand_5,17.721140791035836,4.266774772436677,157
9,9pai_4aqh_ligand_1,11.854830874782866,4.258843038370599,0
10,9ca2_3daz_ligand_6,17.22749561954461,4.266774772436677,157
11,9ca2_4q8x_ligand_2,19.161764520295357,4.241623167737485,58
12,9pti_2tpi_ligand_2,22.307540508412906,4.216415283809763,394
13,9ca2_3m96_ligand_6,16.39988012633605,4.248587650389418,172
14,9ldb_4i9u_ligand_2,24.5246213322966,4.309387580863129,174
15,9ca2_5nya_ligand_7,19.68566673135862,4.177026988860814,159
16,9ca2_4q8y_ligand_8,21.462762468714534,4.191428988153435,138
17,9ca2_5e2k_ligand_5,16.84629388533433,4.217352004668287,211
18,9ca2_5llh_ligand_9,20.119092916896157,4.225990692742929,159
19,9ca2_4q83_ligand_2,9.414811169571891,4.248350486486622,117
20,9ca2_3mhc_ligand_8,28.59627778855773,4.20269826735066,263
21,9ca2_1i9p_ligand_5,21.88687369118039,4.215900919513872,158
22,9ca2_5nxp_ligand_6,20.895568760505174,4.149522548468933,152
23,9ca2_5e2s_ligand_3,13.773332281726784,3.993103592989771,336
24,9ca2_5ljq_ligand_3,25.584033793057216,4.276441468461551,178
25,9ca2_3hs4_ligand_4,10.970644831384956,4.149230604315024,141
26,9ca2_5flo_ligand_8,11.620795207595764,4.190122483122286,158
27,9ca2_5e28_ligand_6,26.700402136347062,4.2277522074399325,204
28,9ca2_3ibl_ligand_9,16.150193688541925,4.25157173659678,173
29,9ca2_4q83_ligand_5,20.837749818538466,4.248350486486622,117
30,9ca2_3hs4_ligand_3,18.857601658521567,4.149230604315024,141
31,9ca2_4r5a_ligand_2,22.499327819424433,4.17520282059036,371
32,9ca2_5j8z_ligand_6,17.345265895363536,4.246550397374923,227
33,9ca2_3n2p_ligand_5,16.892107144712927,4.274702775278782,235
34,9ca2_5e2k_ligand_2,21.772941068137282,4.217352004668287,211
35,9ca2_3po6_ligand_1,25.30164467952407,4.176349911192486,230
36,9ca2_5byi_ligand_7,21.143461678648485,4.140446216481859,168
37,9ca2_3s77_ligand_3,14.883164821398623,4.139072801725099,164
38,9ca2_5sz3_ligand_9,27.62742401541035,4.153992034548913,151
39,9ca2_1g46_ligand_5,15.175663800693092,4.250802784972031,123
40,9ca2_3f8e_ligand_7,19.240774038555195,4.031028568095792,185
41,9ca2_5flq_ligand_3,25.21486678451394,4.303640527800983,101
42,9ca2_4rfc_ligand_7,19.71348978438047,4.283801025004661,110
43,9ca2_3n3j_ligand_5,20.753856950019838,4.220250516554749,279
44,9ca2_3hs4_ligand_2,17.587980139437445,4.149230604315024,141
45,9ca2_5n24_ligand_5,17.73355949504209,4.240970448376174,154
46,9ca2_5amg_ligand_1,11.320669429997665,4.192774476349022,277
47,9ca2_3hkn_ligand_5,24.016149299339844,4.212124602615782,213
48,9ca2_5n24_ligand_9,12.662003663629932,4.240970448376174,154
49,9ca2_3hs4_ligand_9,10.96756896789684,4.149230604315024,141
50,9ca2_5sz1_ligand_4,10.991337518448082,4.244575021689933,97
51,9ca2_1g45_ligand_1,19.037222519560444,4.232043901286657,173
52,9ca2_4m2u_ligand_1,18.798233521649923,4.219144491803812,137
53,9ca2_1bcd_ligand_3,10.573948610814124,4.225552406200457,109
54,9ca2_5ny1_ligand_2,18.057995217851797,4.221364009844978,140
55,9ca2_6ic2_ligand_8,18.40900088055211,4.193086501787356,108
56,9ca2_1cny_ligand_9,21.233846413576074,4.262862120321159,106
57,9ca2_5ljq_ligand_9,16.605841421511414,4.276441468461551,178
58,9ca2_6g3q_ligand_5,19.180194084932463,4.154865006929401,126
59,9ca2_5flo_ligand_5,17.314620110703604,4.190122483122286,158
60,9ca2_5nxp_ligand_9,20.40289416381901,4.149522548468933,152
61,9ca2_1g52_ligand_6,21.943461225830724,4.232162468630344,112
62,9ca2_3hs4_ligand_7,20.749039906289326,4.149230604315024,141
63,9ca2_3n3j_ligand_6,15.125540555650533,4.220250516554749,279
64,9ca2_3s77_ligand_1,8.466274810395518,4.139072801725099,164
65,9ca2_6ic2_ligand_1,18.763229216818125,4.193086501787356,108
66,9ca2_2hl4_ligand_9,12.09822171839186,4.17863548630533,275
67,9ca2_5u0e_ligand_7,20.533380433080552,4.27002459330611,166
68,9ca2_3mho_ligand_6,17.590899348027918,4.266880812334307,140
69,9ca2_5ehw_ligand_1,19.852655413207465,4.226560527507317,70
70,9ca2_5ljq_ligand_1,16.917579622633244,4.276441468461551,178
71,9pti_2tpi_ligand_5,21.17582183480279,4.216415283809763,394
72,9ca2_3oy0_ligand_3,13.67822352608179,4.164716274132218,206
73,9ca2_2o4z_ligand_2,9.745255848838555,4.137729168638736,103
74,9ca2_5byi_ligand_4,17.96306596751701,4.140446216481859,168
75,9ca2_2ez7_ligand_2,14.806365318043875,4.024432552350834,219
76,9ca2_3m1k_ligand_5,20.46618919128164,4.179269857690004,130
77,9ca2_3dc3_ligand_9,18.78162576042672,4.222501990474502,153
78,9ca2_6ugr_ligand_6,12.098068484209001,4.221925792302079,144
79,9ca2_6c7x_ligand_6,20.89277148270301,4.158891434524807,195
80,966c_1cgl_ligand_4,18.312122531652516,4.2506864709905585,97
81,9ca2_5o07_ligand_3,10.55641511688509,4.172653854605644,151
82,9ca2_5nxg_ligand_6,12.681046720607592,4.169176183513995,171
83,9ca2_2hnc_ligand_7,25.988534139071295,4.14428222563501,165
84,9ca2_3mho_ligand_1,19.654882490472588,4.266880812334307,140
85,9atc_2fzk_ligand_4,17.648055580352064,4.130047627618838,271
86,9ca2_3r16_ligand_6,12.12226239843407,4.234885628123398,189
87,9ca2_5llh_ligand_8,20.084762889754565,4.225990692742929,159
88,9ca2_4mo8_ligand_9,16.336438958185852,4.149795437612073,194
89,9ca2_3dbu_ligand_1,22.36180038552955,4.210179993751718,176
90,9ca2_5ty9_ligand_3,20.831496517013957,4.182810203956853,141
91,9ca2_1if8_ligand_1,16.379099041339703,4.291314195310782,131
92,9ca2_2x7t_ligand_4,15.599453553498014,4.266621836271643,120
93,9pti_2tpi_ligand_4,21.073254030839095,4.216415283809763,394
94,9ca2_6equ_ligand_3,12.646995493235423,4.263290366344742,223
95,9ca2_5o07_ligand_6,18.84721417256849,4.172653854605644,151
96,9ca2_5ny1_ligand_1,17.546010891188836,4.221364009844978,140
97,9ca2_1bn1_ligand_1,16.121002902617654,4.25293306389399,149
98,9ca2_3n3j_ligand_4,20.979313395063766,4.220250516554749,279
99,9ca2_5e2s_ligand_1,22.578835889070767,3.993103592989771,336
100,9ca2_2weh_ligand_3,14.659652505286665,4.283215954057292,121
101,9ca2_1g52_ligand_9,18.389678875005615,4.232162468630344,112
102,9ca2_5eh7_ligand_1,20.797656900546407,4.175308948594847,190
103,9ca2_4r5a_ligand_9,22.181685643958787,4.17520282059036,371
104,9ca2_4rn4_ligand_2,16.49765466550276,4.1814794604854315,280
105,9ca2_3hs4_ligand_6,17.26658132342244,4.149230604315024,141
106,9ca2_5u0g_ligand_5,18.83220452645916,4.240148296074125,133
107,9ca2_5wex_ligand_4,16.27562072503149,4.25775101413523,188
108,9ca2_4m2r_ligand_5,19.12156803870497,4.214008088983649,153
109,9ca2_3mho_ligand_7,21.158377433835824,4.266880812334307,140
110,9ca2_1bnv_ligand_8,19.03704937569329,4.2450687593984515,149
111,9ca2_5fdc_ligand_1,17.043752157465075,4.19717741106346,114
112,9ca2_5flo_ligand_3,21.692589553184646,4.190122483122286,158
113,9ca2_5eh8_ligand_7,20.347070577282697,4.21241152246388,73
114,9ca2_3m1k_ligand_8,20.430037132614324,4.179269857690004,130
115,9ca2_5aml_ligand_7,24.036373362082063,4.222179647621979,281
116,9ca2_5ty9_ligand_9,14.678977886074842,4.182810203956853,141
117,9ca2_5nxp_ligand_8,27.41283600003838,4.149522548468933,152
118,9ca2_4m2u_ligand_5,21.807582960399643,4.219144491803812,137
119,9ca2_5n1s_ligand_5,18.307488643498274,4.237084753389696,174
120,9ca2_5mjn_ligand_8,18.709848307499858,4.16149194159979,123
121,9ca2_5tya_ligand_3,17.979715494458812,4.198889327138819,122
122,9ca2_3mho_ligand_4,18.097710981372927,4.266880812334307,140
123,9ca2_4rfc_ligand_6,16.90056002801574,4.283801025004661,110
124,9ca2_2ez7_ligand_1,15.364575520702568,4.024432552350834,219
125,9ca2_3ml2_ligand_1,16.582687330949174,4.238861575136012,169
126,9ca2_4iwz_ligand_3,12.57804526423613,4.188934343684375,258
127,9ca2_5ljq_ligand_8,15.567307025022,4.276441468461551,178
128,9ca2_3r16_ligand_5,17.248474360678756,4.234885628123398,189
129,9ca2_5sz3_ligand_5,20.875768925685982,4.153992034548913,151
130,9ca2_5fdc_ligand_8,18.276903051993646,4.19717741106346,114
131,9ca2_2ez7_ligand_3,21.576776415178156,4.024432552350834,219
132,9ca2_4q6d_ligand_9,16.167342387176607,4.199335136551217,157
133,9ca2_4yxi_ligand_4,15.516340981186397,4.272377783281448,116
134,9atc_2fzk_ligand_1,15.646712457917188,4.130047627618838,271
135,9ca2_5o07_ligand_8,19.15256881134573,4.172653854605644,151
136,9ca2_3dbu_ligand_7,12.821203484631472,4.210179993751718,176
137,9ca2_4q83_ligand_6,17.657160763812804,4.248350486486622,117
138,9ca2_3m1k_ligand_7,20.658836155343632,4.179269857690004,130
139,9ca2_5fdc_ligand_5,18.84209972578516,4.19717741106346,114
140,9ca2_5aml_ligand_9,22.25299638773157,4.222179647621979,281
141,9ca2_3po6_ligand_2,20.78064660616629,4.176349911192486,230
142,9ca2_3n2p_ligand_8,16.563704252300944,4.274702775278782,235
143,9ca2_4yyt_ligand_3,17.866298828935648,4.170917446930882,165
144,9ca2_3m1k_ligand_1,19.64699224241037,4.179269857690004,130
145,9ca2_5ti0_ligand_2,17.341326434544563,4.221069761159063,165
146,9ca2_4q83_ligand_8,8.912449097970379,4.248350486486622,117
147,9atc_2h3e_ligand_2,57.49823395548773,4.061588689178105,284
148,9ca2_6g3q_ligand_2,14.702499347741929,4.154865006929401,126
149,9ca2_5eh7_ligand_5,20.819776604121582,4.175308948594847,190
150,9ca2_5eh8_ligand_2,21.84266734645044,4.21241152246388,73
151,9ca2_5byi_ligand_3,18.327831823549985,4.140446216481859,168
152,9ca2_5ljq_ligand_2,26.108290155786854,4.276441468461551,178
153,9ca2_6c7x_ligand_8,21.716838704737533,4.158891434524807,195
154,9ca2_4rfc_ligand_1,18.853853870992328,4.283801025004661,110
155,9ldb_4aji_ligand_3,29.636154492865646,4.146019710126677,58
156,9ca2_1g54_ligand_5,21.515352325172383,4.282655460471162,103
157,9ca2_4bf6_ligand_4,18.016950330140723,4.243994192114627,150
158,9ca2_1bnw_ligand_9,17.358249224835873,4.253074688108777,133
159,9ca2_6equ_ligand_4,11.620896945186752,4.263290366344742,223
160,9ca2_4q6d_ligand_8,16.49121991328704,4.199335136551217,157
161,9ca2_5nya_ligand_6,11.019210243622831,4.177026988860814,159
162,9ca2_5fls_ligand_9,8.476332440410234,4.253724832426281,98
163,9ca2_4z0q_ligand_3,19.788921373405046,4.25124185438204,193
164,9ca2_4m2u_ligand_4,20.519982750911392,4.219144491803812,137
165,9ca2_5ny1_ligand_4,16.970932561757078,4.221364009844978,140
166,9ca2_4z0q_ligand_1,9.730689364218959,4.25124185438204,193
167,9ca2_4mo8_ligand_6,19.619086198551322,4.149795437612073,194
168,9ca2_5j8z_ligand_8,19.3466769845495,4.246550397374923,227
169,9ca2_5n0e_ligand_8,21.046269818859475,4.241358180652734,164
170,9ca2_5e28_ligand_2,7.961098697914827,4.2277522074399325,204
171,9ca2_4m2r_ligand_8,20.75682588734721,4.214008088983649,153
172,9ca2_5fdc_ligand_2,16.275880021801473,4.19717741106346,114
173,9ca2_3f8e_ligand_3,16.34267972778429,4.031028568095792,185
174,9ca2_4m2u_ligand_7,21.037172964518803,4.219144491803812,137
175,9ca2_5nxp_ligand_7,21.361622911661,4.149522548468933,152
176,9ca2_5nya_ligand_1,18.27647152540127,4.177026988860814,159
177,9ca2_5amg_ligand_2,12.253091577291528,4.192774476349022,277
178,9ca2_5n1s_ligand_2,27.480992689266156,4.237084753389696,174
179,9ca2_5txy_ligand_1,8.60149846227157,4.202212865888411,181
180,9ca2_3rz5_ligand_4,23.052733910873066,4.191451338082336,233
181,9ca2_5wex_ligand_2,17.061630655782242,4.25775101413523,188
182,9ca2_4kni_ligand_2,17.558288455883165,4.2267348366452255,215
183,9ca2_4q8y_ligand_1,15.84856540371302,4.191428988153435,138
184,9ca2_5nya_ligand_4,17.129473125700702,4.177026988860814,159
185,9ca2_3ryy_ligand_6,9.765293925027391,4.180962725207776,238
186,9ca2_5j8z_ligand_2,17.134667454465518,4.246550397374923,227
187,9ca2_6equ_ligand_2,12.1580177607134,4.263290366344742,223
188,9ca2_5nxp_ligand_5,18.654799852182816,4.149522548468933,152
189,9ca2_1bnw_ligand_2,16.67813465970558,4.253074688108777,133
190,9ca2_5e28_ligand_7,28.202169273443157,4.2277522074399325,204
191,9ca2_5e2s_ligand_2,21.101312191690358,3.993103592989771,336
192,9ca2_1bcd_ligand_7,25.181159597624458,4.225552406200457,109
193,9ca2_3m1k_ligand_3,19.781938378901767,4.179269857690004,130
194,9ca2_5wex_ligand_1,16.623890657410858,4.25775101413523,188
195,9ca2_4rfc_ligand_5,17.350466085187435,4.283801025004661,110
196,9ca2_3daz_ligand_7,10.590317805834319,4.266774772436677,157
197,9ca2_4m2r_ligand_7,19.002718000483046,4.214008088983649,153
198,9ca2_3mho_ligand_5,15.125263214778334,4.266880812334307,140
199,9ca2_5llg_ligand_5,23.70129384817169,4.224861481476325,114
200,9ca2_2hl4_ligand_5,21.525357664000794,4.17863548630533,275
201,9ca2_2hnc_ligand_6,16.318954983214642,4.14428222563501,165
202,9ca2_1g4o_ligand_1,17.57903727647626,4.201047810791511,121
203,9ca2_6g3q_ligand_1,18.99612791687219,4.154865006929401,126
204,9ca2_5j8z_ligand_3,17.681490654510725,4.246550397374923,227
205,9ca2_3oku_ligand_9,16.160376155040225,4.301669073450526,170
206,9ca2_4bf6_ligand_7,13.189854337839224,4.243994192114627,150
207,9ca2_5e2k_ligand_4,20.57147167707081,4.217352004668287,211
208,9ca2_3oku_ligand_1,19.876690689057533,4.301669073450526,170
209,9ca2_1g52_ligand_1,18.51430050614357,4.232162468630344,112
210,9ca2_2wej_ligand_9,17.53797871187204,4.264244462581077,105
211,9ca2_1g4o_ligand_9,21.88860579196695,4.201047810791511,121
212,9ca2_1z9y_ligand_8,20.917497512593357,4.238343484818705,169
213,9ca2_4qtl_ligand_2,14.30415362546349,4.157535052803523,253
214,9ca2_4kni_ligand_9,24.834419967415734,4.2267348366452255,215
215,9ca2_1g46_ligand_7,19.154938966012573,4.250802784972031,123
216,9ca2_1g45_ligand_8,21.360778810534804,4.232043901286657,173
217,9ca2_5nxg_ligand_3,14.672510428855848,4.169176183513995,171
218,9ca2_5aml_ligand_6,21.235270501399448,4.222179647621979,281
219,9ca2_3s77_ligand_8,17.31051859313587,4.139072801725099,164
220,9ca2_3oku_ligand_2,11.620781386671458,4.301669073450526,170
221,9atc_2fzk_ligand_6,16.346019788496704,4.130047627618838,271
222,9ca2_6ic2_ligand_9,20.5952995515396,4.193086501787356,108
223,9ca2_4qtl_ligand_8,13.555596423538491,4.157535052803523,253
224,9ca2_4e3g_ligand_1,15.60308255856093,4.150077277624647,95
225,9ca2_2ez7_ligand_4,14.53945992436297,4.024432552350834,219
226,9ca2_5u0g_ligand_4,20.076138825280733,4.240148296074125,133
227,9ca2_3r16_ligand_1,16.317937792783752,4.234885628123398,189
228,966c_1cgl_ligand_5,18.71384963679338,4.2506864709905585,97
229,9ca2_6c7x_ligand_2,19.994126461137668,4.158891434524807,195
230,9ca2_5u0e_ligand_4,9.446328605601222,4.27002459330611,166
231,9ca2_5ty9_ligand_5,28.350140540842734,4.182810203956853,141
232,9ca2_2o4z_ligand_1,14.652242261447068,4.137729168638736,103
233,9ca2_6got_ligand_5,21.6266114998281,4.138100891520055,183
234,9ca2_5e2r_ligand_2,12.232896418855368,4.235857062244276,183
235,9ca2_1if8_ligand_7,14.23763047970735,4.291314195310782,131
236,9ca2_5tya_ligand_6,18.890844690523906,4.198889327138819,122
237,9ca2_5u0g_ligand_1,22.288829521945146,4.240148296074125,133
238,9ca2_1bn1_ligand_8,10.084826287461565,4.25293306389399,149
239,9ca2_1cny_ligand_6,16.08273408256668,4.262862120321159,106
240,9ca2_4q83_ligand_4,17.959805771439346,4.248350486486622,117
241,9ca2_2hl4_ligand_6,14.48526881188718,4.17863548630533,275
242,9ca2_5j8z_ligand_4,20.452866571120946,4.246550397374923,227
243,9ca2_4m2r_ligand_2,19.556266096303045,4.214008088983649,153
244,9ca2_3mhc_ligand_4,16.74182148700382,4.20269826735066,263
245,9ca2_3oku_ligand_6,10.47698023656152,4.301669073450526,170
246,9ca2_3t84_ligand_7,17.621685971773672,4.165947682145477,273
247,9ca2_3dbu_ligand_4,26.83807465547345,4.210179993751718,176
248,9ca2_5j8z_ligand_9,16.924475837190244,4.246550397374923,227
249,9ca2_5fls_ligand_4,13.186370860615298,4.253724832426281,98
250,9ca2_5wex_ligand_6,21.482012209454776,4.25775101413523,188
251,9atc_2fzk_ligand_3,18.75480843670109,4.130047627618838,271
252,9ca2_4bf6_ligand_8,20.443511413630848,4.243994192114627,150
253,9ca2_5ty9_ligand_7,20.353116451987795,4.182810203956853,141
254,9ca2_4q8x_ligand_7,21.53738703926655,4.241623167737485,58
255,9ca2_5flq_ligand_7,19.427195582633185,4.303640527800983,101
256,9ca2_1bn3_ligand_4,18.921845352525,4.235824292696346,157
257,9ca2_1g54_ligand_1,15.722031726064404,4.282655460471162,103
258,9ca2_5nya_ligand_5,16.90861674605458,4.177026988860814,159
259,9ca2_5fls_ligand_6,19.294733634954895,4.253724832426281,98
260,9ca2_3oy0_ligand_5,17.44364487816863,4.164716274132218,206
261,9ca2_6equ_ligand_9,17.577396451292692,4.263290366344742,223
262,9ca2_2hnc_ligand_4,18.45660725728357,4.14428222563501,165
263,9ca2_4mo8_ligand_5,16.55680401791873,4.149795437612073,194
264,9ca2_5ehw_ligand_9,20.00888486564573,4.226560527507317,70
265,9ca2_3ibl_ligand_6,22.001899226855613,4.25157173659678,173
266,9ca2_5wex_ligand_9,17.957753985437396,4.25775101413523,188
267,9ca2_3p5l_ligand_7,19.292740556143563,4.342014941725403,107
268,9ca2_4yyt_ligand_1,17.018535781257185,4.170917446930882,165
269,9ca2_3hs4_ligand_5,15.507885392943031,4.149230604315024,141
270,9ca2_1g45_ligand_7,19.78659792066524,4.232043901286657,173
271,9ca2_3r16_ligand_7,16.059297084234245,4.234885628123398,189
272,9ca2_3n3j_ligand_2,15.225746755137244,4.220250516554749,279
273,9ca2_1cny_ligand_3,20.914788150355076,4.262862120321159,106
274,9ca2_6g3q_ligand_9,19.67769310704574,4.154865006929401,126
275,9ca2_5flo_ligand_9,11.287537649261076,4.190122483122286,158
276,9ca2_3hkn_ligand_6,13.652416420979035,4.212124602615782,213
277,9ca2_5e2r_ligand_7,18.770744377591658,4.235857062244276,183
278,9ca2_5sz3_ligand_4,22.11692739684409,4.153992034548913,151
279,9ca2_5ny1_ligand_3,18.113710818253942,4.221364009844978,140
280,9ca2_4yxi_ligand_7,25.575788807880375,4.272377783281448,116
281,9ca2_3mhc_ligand_5,20.242202982076023,4.20269826735066,263
282,9ca2_3s77_ligand_9,26.735856306987625,4.139072801725099,164
283,9ca2_5e2r_ligand_9,21.791938157773448,4.235857062244276,183
284,9ca2_5txy_ligand_7,18.775518448470326,4.202212865888411,181
285,9ca2_3n3j_ligand_3,20.141013102903255,4.220250516554749,279
286,9ca2_5eh7_ligand_3,20.138833202449877,4.175308948594847,190
287,9ca2_5e2k_ligand_1,20.635597390221484,4.217352004668287,211
288,9ca2_5e2s_ligand_5,14.641846981759754,3.993103592989771,336
289,9ca2_4qtl_ligand_5,14.974702334449804,4.157535052803523,253
290,9ca2_5nxg_ligand_9,18.814890796394025,4.169176183513995,171
291,9ca2_5o07_ligand_9,18.96019460343168,4.172653854605644,151
292,9ca2_4qtl_ligand_1,21.6542860043968,4.157535052803523,253
293,9ca2_3mhc_ligand_3,20.8351611501604,4.20269826735066,263
294,9ca2_3p5l_ligand_4,20.11919529205878,4.342014941725403,107
295,9ca2_5ehw_ligand_6,26.224429738530276,4.226560527507317,70
296,9ca2_5sz1_ligand_1,9.79305521235109,4.244575021689933,97
297,9ca2_5ty9_ligand_4,18.36041812975323,4.182810203956853,141
298,9ca2_3dc3_ligand_2,16.334067966391856,4.222501990474502,153
299,9ca2_1if7_ligand_2,17.03939010702256,4.230219715333946,199
300,9ca2_3s77_ligand_7,17.161183096071223,4.139072801725099,164
301,9ca2_5j8z_ligand_7,17.30846979766964,4.246550397374923,227
302,9ca2_4mo8_ligand_1,10.486030246863182,4.149795437612073,194
303,9atc_2fzk_ligand_9,16.024726202912387,4.130047627618838,271
304,9ca2_5u0e_ligand_1,18.141356917753086,4.27002459330611,166
305,9ca2_3dc3_ligand_3,16.355428374547714,4.222501990474502,153
306,9ca2_4e3g_ligand_6,17.043302319779894,4.150077277624647,95
307,9ca2_5llg_ligand_3,20.953518364209998,4.224861481476325,114
308,9ca2_1i9p_ligand_1,19.508802917563028,4.215900919513872,158
309,9ca2_1cny_ligand_8,22.52383304440588,4.262862120321159,106
310,9ca2_3rz5_ligand_5,20.010015453991173,4.191451338082336,233
311,9ca2_5e28_ligand_3,16.929838849733365,4.2277522074399325,204
312,9ca2_2x7t_ligand_3,13.646644748447235,4.266621836271643,120
313,9ca2_3t84_ligand_9,17.62489721679077,4.165947682145477,273
314,966c_966c_ligand_1,8.363066312069105,4.249769551236357,242
315,9ca2_3oy0_ligand_2,20.39886238430083,4.164716274132218,206
316,9ca2_5sz3_ligand_6,19.885954613118273,4.153992034548913,151
317,9ca2_1bn3_ligand_3,16.980047381468733,4.235824292696346,157
318,9ca2_1i9p_ligand_9,23.22162548370082,4.215900919513872,158
319,9ca2_5e2r_ligand_1,16.25944127217579,4.235857062244276,183
320,9ca2_5e2s_ligand_9,18.333627463968433,3.993103592989771,336
321,9ca2_5tya_ligand_1,19.30094579615642,4.198889327138819,122
322,966c_966c_ligand_9,17.59298549170665,4.249769551236357,242
323,9ca2_5o07_ligand_4,11.319123301445803,4.172653854605644,151
324,9pti_2tpi_ligand_7,22.194846403209667,4.216415283809763,394
325,9ca2_5wex_ligand_5,17.57509798872919,4.25775101413523,188
326,9ca2_5n0e_ligand_5,14.796276892396637,4.241358180652734,164
327,9ca2_3s77_ligand_2,14.873755583133295,4.139072801725099,164
328,9ca2_3n2p_ligand_6,17.171781924469528,4.274702775278782,235
329,9ca2_1bnw_ligand_1,18.916084122921813,4.253074688108777,133
330,9ca2_4yxi_ligand_6,16.87652761505993,4.272377783281448,116
331,9ca2_5n1s_ligand_7,21.706115706727992,4.237084753389696,174
332,9ca2_5ty9_ligand_1,13.610441669088955,4.182810203956853,141
333,9ca2_5n0e_ligand_6,12.65997530129549,4.241358180652734,164
334,9ca2_1if8_ligand_3,16.440554782957552,4.291314195310782,131
335,9ca2_4q8y_ligand_4,18.205085238692973,4.191428988153435,138
336,9ca2_3oku_ligand_8,17.510364590318776,4.301669073450526,170
337,9ca2_5eh7_ligand_7,13.245227225383209,4.175308948594847,190
338,9ca2_4m2u_ligand_8,20.59683043661045,4.219144491803812,137
339,9ca2_3f8e_ligand_8,17.725208874863345,4.031028568095792,185
340,9ca2_5fdc_ligand_6,17.62351988490829,4.19717741106346,114
341,9ca2_4q8y_ligand_6,17.274346869819595,4.191428988153435,138
342,9ca2_4z0q_ligand_4,20.471726036755594,4.25124185438204,193
343,9ca2_1bnv_ligand_6,17.083519379438194,4.2450687593984515,149
344,9ca2_5ehw_ligand_4,19.00438028163215,4.226560527507317,70
345,9ca2_1g46_ligand_2,17.59681894808453,4.250802784972031,123
346,9ca2_5ehv_ligand_4,19.624334992443753,4.249531353127321,164
347,9ldb_4aji_ligand_8,28.81308852090108,4.146019710126677,58
348,9ca2_1g46_ligand_8,24.779676883822887,4.250802784972031,123
349,9ca2_3n3j_ligand_8,21.205056764600673,4.220250516554749,279
350,9ca2_4m2r_ligand_1,18.56752312887146,4.214008088983649,153
351,9ca2_5aml_ligand_2,21.33906505535376,4.222179647621979,281
352,9ca2_5sz1_ligand_7,16.82403137283056,4.244575021689933,97
353,9ca2_1g54_ligand_3,15.593787512795585,4.282655460471162,103
354,9ca2_3d9z_ligand_6,15.931595250909618,4.206240423012363,91
355,9ca2_1g4o_ligand_6,18.164891545275264,4.201047810791511,121
356,9ca2_1bnv_ligand_7,20.306785075049913,4.2450687593984515,149
357,9ca2_2wej_ligand_7,14.496260029281293,4.264244462581077,105
358,9ca2_4rn4_ligand_4,21.90244603008623,4.1814794604854315,280
359,9ca2_3f8e_ligand_1,17.19494723370395,4.031028568095792,185
360,9ca2_5u0g_ligand_3,19.041991765642003,4.240148296074125,133
361,9ca2_1cny_ligand_4,19.878964610247184,4.262862120321159,106
362,9ca2_5wex_ligand_3,20.470377584943304,4.25775101413523,188
363,9ca2_6ic2_ligand_5,18.39260462771917,4.193086501787356,108
364,9ca2_1bcd_ligand_6,20.544031897450125,4.225552406200457,109
365,9ca2_4qtl_ligand_9,14.091269587634672,4.157535052803523,253
366,9ca2_1if8_ligand_2,16.95293272386373,4.291314195310782,131
367,9ca2_3po6_ligand_5,26.355162032709455,4.176349911192486,230
368,9ca2_3ryy_ligand_7,20.007071934387483,4.180962725207776,238
369,9ca2_1bcd_ligand_9,18.910869730313745,4.225552406200457,109
370,9ca2_5fls_ligand_1,18.757009801250586,4.253724832426281,98
371,9ca2_4q8x_ligand_6,21.40913724883801,4.241623167737485,58
372,9ca2_5th4_ligand_1,16.1516920986986,4.2232844338621485,137
373,9ca2_6got_ligand_7,19.898080317594555,4.138100891520055,183
374,9ca2_5nxg_ligand_4,15.761567720433586,4.169176183513995,171
375,9ca2_1bnw_ligand_3,15.452111568953736,4.253074688108777,133
376,9ca2_1bnw_ligand_4,22.25335788843126,4.253074688108777,133
377,9ca2_2x7t_ligand_2,16.5136648346443,4.266621836271643,120
378,9ca2_3m96_ligand_3,18.063540190680758,4.248587650389418,172
379,9ca2_5mjn_ligand_6,22.306922579139517,4.16149194159979,123
380,9ca2_5u0g_ligand_7,17.20307839679831,4.240148296074125,133
381,9ca2_2hl4_ligand_1,21.89827595641168,4.17863548630533,275
382,9ca2_4e3g_ligand_7,20.24188493404028,4.150077277624647,95
383,9ca2_5ljq_ligand_7,17.473003552534767,4.276441468461551,178
384,9ca2_5u0e_ligand_5,18.362303086601937,4.27002459330611,166
385,9ca2_3hku_ligand_3,24.30629142698107,4.2009005750791575,294
386,9ca2_3dc3_ligand_4,19.03008793099542,4.222501990474502,153
387,9ca2_6ugr_ligand_2,20.74431544155865,4.221925792302079,144
388,9ca2_4rn4_ligand_1,16.229115437199575,4.1814794604854315,280
389,9ca2_1bcd_ligand_1,11.531268278183813,4.225552406200457,109
390,9ca2_6equ_ligand_6,10.859928073034338,4.263290366344742,223
391,9ca2_3dbu_ligand_2,20.84102824184317,4.210179993751718,176
392,9pai_4aqh_ligand_6,12.590340722210044,4.258843038370599,0
393,9ca2_4r5a_ligand_5,21.821125572523794,4.17520282059036,371
394,9ca2_4yyt_ligand_8,15.513050240039835,4.170917446930882,165
395,9ca2_5ti0_ligand_5,18.211573745369147,4.221069761159063,165
396,9ca2_6g3q_ligand_7,19.113426716821248,4.154865006929401,126
397,9ca2_5n24_ligand_8,13.698361773503349,4.240970448376174,154
398,9pai_4aqh_ligand_9,19.272777847587683,4.258843038370599,0
399,9ca2_5th4_ligand_7,17.342873471712064,4.2232844338621485,137
400,9ca2_5ti0_ligand_6,18.04770228881395,4.221069761159063,165
401,9ca2_3f8e_ligand_2,17.160453333252583,4.031028568095792,185
402,9ca2_3m1k_ligand_9,24.113663996995562,4.179269857690004,130
403,9ca2_5llh_ligand_6,11.531233781039521,4.225990692742929,159
404,9ca2_4yxi_ligand_1,15.339240554697351,4.272377783281448,116
405,9ca2_3daz_ligand_8,18.16364776532668,4.266774772436677,157
406,9ca2_5eh8_ligand_1,21.251598523948193,4.21241152246388,73
407,9ca2_6got_ligand_8,23.383110580378336,4.138100891520055,183
408,9ca2_3p5l_ligand_2,20.474193992004235,4.342014941725403,107
409,9ca2_4rn4_ligand_6,16.2387769532368,4.1814794604854315,280
410,9ca2_3r16_ligand_4,17.298055614379553,4.234885628123398,189
411,9ca2_5mjn_ligand_3,25.486034803262417,4.16149194159979,123
412,9ca2_5ehw_ligand_7,14.824512149739627,4.226560527507317,70
413,9ca2_4iwz_ligand_8,18.574921555000873,4.188934343684375,258
414,9ca2_3ryy_ligand_1,19.039853902071957,4.180962725207776,238
415,9ca2_4rn4_ligand_5,17.30782212207081,4.1814794604854315,280
416,966c_966c_ligand_6,10.932060197848397,4.249769551236357,242
417,9ca2_2x7t_ligand_9,15.27976524942119,4.266621836271643,120
418,9ca2_4z0q_ligand_5,18.588263639893828,4.25124185438204,193
419,9ldb_4aji_ligand_2,29.894120466487106,4.146019710126677,58
420,9ca2_2o4z_ligand_7,9.89905285060056,4.137729168638736,103
421,9ca2_1if7_ligand_1,15.615674936680454,4.230219715333946,199
422,966c_1cgl_ligand_6,16.744049232807804,4.2506864709905585,97
423,9ca2_5txy_ligand_8,14.864386240897538,4.202212865888411,181
424,9ca2_4bf6_ligand_1,21.58735948225602,4.243994192114627,150
425,9ca2_1bnv_ligand_3,17.146923091002773,4.2450687593984515,149
426,9ca2_4iwz_ligand_9,16.655884545709366,4.188934343684375,258
427,9ca2_2wej_ligand_3,17.208476739453374,4.264244462581077,105
428,9ca2_1g54_ligand_6,26.689943462235757,4.282655460471162,103
429,9ca2_3ryy_ligand_2,28.125793711551708,4.180962725207776,238
430,9ca2_1bnv_ligand_2,19.658296648151932,4.2450687593984515,149
431,9ca2_3oy0_ligand_9,8.888616318753753,4.164716274132218,206
432,9ca2_4kni_ligand_7,17.696510171896744,4.2267348366452255,215
433,9ca2_6ebe_ligand_5,13.035044584914491,4.217088628426016,223
434,9ca2_4r5a_ligand_7,23.804753260641036,4.17520282059036,371
435,9ca2_4q6d_ligand_3,21.377857006812068,4.199335136551217,157
436,9ca2_2weh_ligand_4,14.235659345815389,4.283215954057292,121
437,9ca2_5ehw_ligand_5,9.987083583308992,4.226560527507317,70
438,9ca2_1g54_ligand_9,26.423426137609617,4.282655460471162,103
439,9ca2_1bn1_ligand_3,20.570685783582828,4.25293306389399,149
440,9ca2_5n24_ligand_3,26.504636515075934,4.240970448376174,154
441,9ca2_1z9y_ligand_5,20.17736717054312,4.238343484818705,169
442,9ca2_5flq_ligand_5,19.189487067959178,4.303640527800983,101
443,9ca2_4m2u_ligand_6,19.667198747818837,4.219144491803812,137
444,9ca2_3hkn_ligand_2,14.339546753170534,4.212124602615782,213
445,9ca2_6got_ligand_3,21.074689635876506,4.138100891520055,183
446,9ca2_5ti0_ligand_1,16.9713152573994,4.221069761159063,165
447,9ca2_5mjn_ligand_5,13.094806080116731,4.16149194159979,123
448,9ca2_3p5l_ligand_3,22.006415990443433,4.342014941725403,107
449,9ca2_5eh7_ligand_2,12.417019375467357,4.175308948594847,190
450,9ca2_1if8_ligand_8,20.76368636450688,4.291314195310782,131
451,9ca2_1bn3_ligand_1,22.01660473602967,4.235824292696346,157
452,9ca2_5e28_ligand_1,20.307324765521262,4.2277522074399325,204
453,9ca2_5e2r_ligand_6,16.442248305474802,4.235857062244276,183
454,9ca2_1bnv_ligand_9,21.07745525343784,4.2450687593984515,149
455,9ca2_1g4o_ligand_7,21.15103610578893,4.201047810791511,121
456,9ca2_1bnv_ligand_4,12.147471268734042,4.2450687593984515,149
457,9ca2_3ryy_ligand_5,18.112859122320643,4.180962725207776,238
458,9ca2_3ml2_ligand_3,17.988574399243735,4.238861575136012,169
459,9ca2_5e2k_ligand_6,18.44278090152293,4.217352004668287,211
460,9ca2_4qtl_ligand_7,20.227205961146087,4.157535052803523,253
461,9ca2_3mhc_ligand_2,20.953747797608084,4.20269826735066,263
462,9ca2_5e2r_ligand_4,13.450966261036992,4.235857062244276,183
463,9ca2_3mho_ligand_9,18.718892235942178,4.266880812334307,140
464,9ca2_4yyt_ligand_2,15.658881178930438,4.170917446930882,165
465,9ca2_5n1s_ligand_6,18.117332824096668,4.237084753389696,174
466,9ca2_1i9p_ligand_3,21.869863935092816,4.215900919513872,158
467,9ca2_3ml2_ligand_6,18.473396381931988,4.238861575136012,169
468,9ca2_4qtl_ligand_3,22.02776386708081,4.157535052803523,253
469,9ca2_4m2u_ligand_2,18.037800105277004,4.219144491803812,137
470,9ca2_4q8y_ligand_5,18.38783294134592,4.191428988153435,138
471,9ca2_5byi_ligand_9,29.71606140481116,4.140446216481859,168
472,9ca2_5flo_ligand_2,15.84427530513637,4.190122483122286,158
473,9ca2_4rfc_ligand_8,25.336153633149117,4.283801025004661,110
474,9ca2_4bf6_ligand_5,17.18224022046569,4.243994192114627,150
475,9ca2_4bf6_ligand_3,15.264057440083269,4.243994192114627,150
476,9ca2_1z9y_ligand_1,19.93857223437933,4.238343484818705,169
477,9ca2_4r5a_ligand_3,22.628586849217804,4.17520282059036,371
478,9ca2_3hkn_ligand_7,13.822157886556969,4.212124602615782,213
479,9ca2_2o4z_ligand_9,9.05431982115326,4.137729168638736,103
480,9ca2_4kni_ligand_8,14.650389765302519,4.2267348366452255,215
481,9ca2_1bn1_ligand_9,17.169910914756947,4.25293306389399,149
482,9ca2_5flo_ligand_7,25.334881814597694,4.190122483122286,158
483,9ca2_3n3j_ligand_7,10.482730226424794,4.220250516554749,279
484,9pti_2tpi_ligand_1,20.98004919005772,4.216415283809763,394
485,9ca2_5u0g_ligand_8,28.292901914369107,4.240148296074125,133
486,9ca2_4m2r_ligand_4,19.10201545803017,4.214008088983649,153
487,9ca2_2x7t_ligand_8,11.365200262771584,4.266621836271643,120
488,9ca2_3p5l_ligand_6,20.54606794417527,4.342014941725403,107
489,9ca2_5aml_ligand_1,12.165156937619072,4.222179647621979,281
490,9ca2_5flq_ligand_4,18.752562933333337,4.303640527800983,101
491,9ca2_5ti0_ligand_7,18.611681332908528,4.221069761159063,165
492,9ca2_4q83_ligand_1,17.258794742290718,4.248350486486622,117
493,9ca2_4q8x_ligand_8,17.600674200510046,4.241623167737485,58
494,9ca2_5tya_ligand_4,19.59655677222667,4.198889327138819,122
495,9ca2_4yyt_ligand_7,21.738470888869045,4.170917446930882,165
496,9ca2_5txy_ligand_2,18.405131045829563,4.202212865888411,181
497,9ca2_3po6_ligand_8,21.235583529817397,4.176349911192486,230
498,9ca2_4kni_ligand_5,26.14812501871563,4.2267348366452255,215
499,9ca2_1if7_ligand_3,16.033535251673808,4.230219715333946,199
500,9ca2_2wej_ligand_2,14.587372899386962,4.264244462581077,105
501,9ca2_6ebe_ligand_2,17.418668863051217,4.217088628426016,223
502,9ca2_2x7t_ligand_5,21.57735456175921,4.266621836271643,120
503,9ca2_5aml_ligand_8,13.976567781494287,4.222179647621979,281
504,9ca2_3m96_ligand_8,19.14763298849617,4.248587650389418,172
505,9ca2_1g45_ligand_4,20.167343661914867,4.232043901286657,173
506,9ca2_5sz1_ligand_3,18.717247086664962,4.244575021689933,97
507,9ca2_1g46_ligand_6,20.587978675269053,4.250802784972031,123
508,9atc_2fzk_ligand_7,16.157648305264406,4.130047627618838,271
509,9ca2_5n0e_ligand_2,15.206274977978083,4.241358180652734,164
510,9ca2_1if8_ligand_5,16.863173875129707,4.291314195310782,131
511,9ca2_5th4_ligand_8,27.08983079389498,4.2232844338621485,137
512,9ca2_3po6_ligand_6,27.737160650837538,4.176349911192486,230
513,9ca2_5ny1_ligand_7,18.339679489711383,4.221364009844978,140
514,9ca2_6got_ligand_6,21.30063908839274,4.138100891520055,183
515,9ca2_2wej_ligand_1,17.945161752866383,4.264244462581077,105
516,9ca2_5eh7_ligand_9,20.357766491048693,4.175308948594847,190
517,9ca2_5flo_ligand_1,11.416762414830979,4.190122483122286,158
518,9ca2_5ty9_ligand_8,25.68935238294935,4.182810203956853,141
519,9ca2_3d9z_ligand_9,19.541291362444298,4.206240423012363,91
520,9ca2_1g46_ligand_9,21.30986553082085,4.250802784972031,123
521,9ca2_3oku_ligand_3,11.647055459527124,4.301669073450526,170
522,9ca2_4rn4_ligand_3,14.964688868980142,4.1814794604854315,280
523,9ca2_4bf6_ligand_2,15.274027105063388,4.243994192114627,150
524,9ca2_3dc3_ligand_6,25.717038363944603,4.222501990474502,153
525,9ldb_4i9u_ligand_6,24.491178963351793,4.309387580863129,174
526,9ca2_1bnw_ligand_5,18.36299818062993,4.253074688108777,133
527,9ca2_5eh7_ligand_6,20.20941088656752,4.175308948594847,190
528,9ca2_1g45_ligand_2,19.20366125624081,4.232043901286657,173
529,9ca2_3po6_ligand_3,14.558017260449846,4.176349911192486,230
530,9ca2_4mo8_ligand_3,17.900293843695625,4.149795437612073,194
531,9ca2_1bnv_ligand_1,22.093146092361472,4.2450687593984515,149
532,9ca2_3t84_ligand_4,16.685650446876974,4.165947682145477,273
533,9ca2_5llg_ligand_6,28.017108248056815,4.224861481476325,114
534,9ca2_5e28_ligand_8,21.160186199037597,4.2277522074399325,204
535,9ca2_1bnv_ligand_5,10.210064091238168,4.2450687593984515,149
536,9ca2_5mjn_ligand_9,19.573496152212805,4.16149194159979,123
537,9ca2_3ibl_ligand_7,18.79545596315511,4.25157173659678,173
538,9ca2_5ny1_ligand_9,18.0159995709166,4.221364009844978,140
539,9ca2_1g4o_ligand_5,22.09690519142239,4.201047810791511,121
540,9ca2_2weh_ligand_2,16.332450011674258,4.283215954057292,121
541,966c_1cgl_ligand_3,16.890125584865764,4.2506864709905585,97
542,9ca2_3hku_ligand_7,14.414358857544592,4.2009005750791575,294
543,9ca2_2wej_ligand_5,9.15091647259779,4.264244462581077,105
544,9ca2_5amg_ligand_8,18.035769739934594,4.192774476349022,277
545,9ca2_1if8_ligand_6,18.311829099722498,4.291314195310782,131
546,9ca2_5ehw_ligand_3,20.437090838581803,4.226560527507317,70
547,9ldb_4i9u_ligand_1,25.494865547762895,4.309387580863129,174
548,9pai_4aqh_ligand_8,12.146793004530293,4.258843038370599,0
549,9ca2_3oy0_ligand_6,21.099408479529625,4.164716274132218,206
550,9ca2_5fls_ligand_8,18.624197779497095,4.253724832426281,98
551,9ca2_4mo8_ligand_7,15.977097633530533,4.149795437612073,194
552,9ca2_5amg_ligand_9,18.11479392136253,4.192774476349022,277
553,9atc_2fzk_ligand_5,16.328154878960532,4.130047627618838,271
554,9ca2_2weh_ligand_6,17.67667504671256,4.283215954057292,121
555,9ca2_4rn4_ligand_8,23.483110614802698,4.1814794604854315,280
556,9ca2_1g45_ligand_6,10.38695419977137,4.232043901286657,173
557,9ca2_3ml2_ligand_9,12.224566612435737,4.238861575136012,169
558,9ca2_2x7t_ligand_1,14.703183376179064,4.266621836271643,120
559,9ca2_4q6d_ligand_4,16.830625978837094,4.199335136551217,157
560,9ca2_5fdc_ligand_9,17.812789750643695,4.19717741106346,114
561,9ca2_3oku_ligand_5,12.557718132661941,4.301669073450526,170
562,9ca2_5e2s_ligand_7,19.267956461892666,3.993103592989771,336
563,9ca2_1bn3_ligand_7,11.609285004154748,4.235824292696346,157
564,9ca2_4qtl_ligand_4,16.175509794861366,4.157535052803523,253
565,9ca2_1bn3_ligand_6,10.485672318662212,4.235824292696346,157
566,9ca2_5llh_ligand_7,18.86857647453365,4.225990692742929,159
567,9ca2_4m2r_ligand_3,17.932240167789804,4.214008088983649,153
568,9ca2_5ehv_ligand_5,19.653109020114904,4.249531353127321,164
569,9ca2_5llg_ligand_2,20.884391551923354,4.224861481476325,114
570,9ca2_5byi_ligand_1,17.978290202381217,4.140446216481859,168
571,9ca2_5flo_ligand_6,19.19688557070336,4.190122483122286,158
572,9ca2_3ibl_ligand_5,19.837622795318868,4.25157173659678,173
573,9ca2_5sz1_ligand_6,22.639823983270368,4.244575021689933,97
574,966c_966c_ligand_7,7.151636411221293,4.249769551236357,242
575,9ca2_3po6_ligand_4,22.064325724773216,4.176349911192486,230
576,9ca2_5ti0_ligand_9,18.372581776442725,4.221069761159063,165
577,9ca2_5eh8_ligand_6,27.109415292477255,4.21241152246388,73
578,9ca2_5ti0_ligand_8,17.79104472628941,4.221069761159063,165
579,9ca2_3p5l_ligand_8,20.622825136241637,4.342014941725403,107
580,9ca2_1g46_ligand_3,24.63830322401146,4.250802784972031,123
581,9ca2_3hku_ligand_2,14.729659860546928,4.2009005750791575,294
582,9ca2_6ugr_ligand_4,17.894186666771915,4.221925792302079,144
583,9ca2_5llg_ligand_7,13.631146699571469,4.224861481476325,114
584,9ca2_5ty9_ligand_2,18.227558826674354,4.182810203956853,141
585,9ca2_5ny1_ligand_8,24.05768239502499,4.221364009844978,140
586,9ca2_1g52_ligand_7,20.06265801093106,4.232162468630344,112
587,9ca2_5nxp_ligand_1,20.2819601689531,4.149522548468933,152
588,9atc_2h3e_ligand_1,51.0671830473892,4.061588689178105,284
589,9ca2_3d9z_ligand_4,19.852072121817685,4.206240423012363,91
590,9ca2_5o07_ligand_7,17.54564875764548,4.172653854605644,151
591,9ca2_4rn4_ligand_9,24.981594471957646,4.1814794604854315,280
592,9ca2_4qtl_ligand_6,20.260312406437652,4.157535052803523,253
593,9ca2_5ehw_ligand_8,11.493078777633473,4.226560527507317,70
594,9ca2_3s77_ligand_4,9.122969313820883,4.139072801725099,164
595,9ca2_4iwz_ligand_2,20.03953532376639,4.188934343684375,258
596,9ca2_1g45_ligand_3,15.918552065645505,4.232043901286657,173
597,9ca2_1bnw_ligand_6,15.935894811856203,4.253074688108777,133
598,9ca2_3hkn_ligand_3,14.557786870387838,4.212124602615782,213
599,9ca2_3oku_ligand_7,12.420740771750223,4.301669073450526,170
600,9ca2_5byi_ligand_5,21.710175816406338,4.140446216481859,168
601,9ca2_4q83_ligand_3,17.440564068959418,4.248350486486622,117
602,9ca2_3hkn_ligand_8,21.96872964393212,4.212124602615782,213
603,9ca2_3oy0_ligand_7,20.924460847897464,4.164716274132218,206
604,9ca2_5txy_ligand_9,18.669203394137668,4.202212865888411,181
605,9ca2_2hnc_ligand_8,15.493645522145249,4.14428222563501,165
606,9ca2_5byi_ligand_6,24.60681359418703,4.140446216481859,168
607,9ca2_1bn3_ligand_9,14.234300273932028,4.235824292696346,157
608,9ca2_5llh_ligand_2,21.47113673957693,4.225990692742929,159
609,9ca2_4yxi_ligand_8,18.362007088681413,4.272377783281448,116
610,9ca2_4q8x_ligand_1,20.646240444438874,4.241623167737485,58
611,9ca2_5th4_ligand_2,16.99726444543083,4.2232844338621485,137
612,9ca2_3d9z_ligand_2,21.09769993883113,4.206240423012363,91
613,9ca2_5n24_ligand_4,15.260283349714712,4.240970448376174,154
614,9ca2_3mho_ligand_8,18.0904632438628,4.266880812334307,140
615,9ca2_5eh7_ligand_4,14.241498527505565,4.175308948594847,190
616,9ca2_5mjn_ligand_2,23.651916889582633,4.16149194159979,123
617,9ca2_5u0g_ligand_9,10.791189881037731,4.240148296074125,133
618,9ca2_2wej_ligand_8,16.443877504549082,4.264244462581077,105
619,9ca2_1bn1_ligand_4,19.506993274561644,4.25293306389399,149
620,9ca2_3n2p_ligand_4,16.215234267384293,4.274702775278782,235
621,9ca2_2o4z_ligand_6,9.547628892353414,4.137729168638736,103
622,9ca2_1if7_ligand_9,18.50814999308863,4.230219715333946,199
623,9ca2_5llh_ligand_3,21.705459378936194,4.225990692742929,159
624,9ca2_5nxp_ligand_4,26.25266670930783,4.149522548468933,152
625,9ca2_3rz5_ligand_3,17.308150512761713,4.191451338082336,233
626,9ca2_3daz_ligand_9,18.811268925453014,4.266774772436677,157
627,9ca2_5eh8_ligand_3,18.269825260206012,4.21241152246388,73
628,9ca2_3rz5_ligand_2,18.85889030303928,4.191451338082336,233
629,9ca2_3mhc_ligand_1,19.986798260193996,4.20269826735066,263
630,9atc_2h3e_ligand_5,49.9459640768345,4.061588689178105,284
631,9ca2_1cny_ligand_5,10.419439392382575,4.262862120321159,106
632,9ca2_3rz5_ligand_7,20.015361452540944,4.191451338082336,233
633,9ldb_4i9u_ligand_5,24.453569334740386,4.309387580863129,174
634,9ca2_3dbu_ligand_8,20.49554074748736,4.210179993751718,176
635,9ca2_3oku_ligand_4,18.317914196134133,4.301669073450526,170
636,9ca2_4r5a_ligand_1,20.548762115189973,4.17520282059036,371
637,9ca2_5fls_ligand_2,27.32783159691734,4.253724832426281,98
638,9ca2_3hkn_ligand_9,24.177000056966236,4.212124602615782,213
639,9ca2_6got_ligand_1,20.07478688768074,4.138100891520055,183
640,9ca2_6ic2_ligand_3,21.396314811789676,4.193086501787356,108
641,9ca2_6c7x_ligand_3,14.577815739429507,4.158891434524807,195
642,9ca2_3s77_ligand_6,16.530208958202397,4.139072801725099,164
643,9ca2_2ez7_ligand_6,23.075857896018835,4.024432552350834,219
644,9ca2_5u0e_ligand_8,21.803811682249496,4.27002459330611,166
645,9ca2_6ebe_ligand_6,15.304237698091498,4.217088628426016,223
646,9atc_2h3e_ligand_9,69.24658772217187,4.061588689178105,284
647,9ca2_5tya_ligand_7,16.644683095665723,4.198889327138819,122
648,9ca2_3ibl_ligand_2,10.614862672519678,4.25157173659678,173
649,9ca2_5mjn_ligand_1,19.01225130023923,4.16149194159979,123
650,9ca2_5o07_ligand_2,11.54159519275101,4.172653854605644,151
651,9ca2_1g54_ligand_4,21.973580679371132,4.282655460471162,103
652,9ca2_5amg_ligand_4,11.101558897189221,4.192774476349022,277
653,9ca2_4rfc_ligand_2,17.022062008911,4.283801025004661,110
654,9ca2_5sz3_ligand_7,21.798629499638267,4.153992034548913,151
655,9ca2_1i9p_ligand_2,19.09911806313249,4.215900919513872,158
656,9ca2_3rz5_ligand_9,15.62025158965559,4.191451338082336,233
657,9ca2_1g45_ligand_9,22.478653442272243,4.232043901286657,173
658,9ldb_4i9u_ligand_3,22.926822389520026,4.309387580863129,174
659,9ca2_5ehv_ligand_3,18.18541480298213,4.249531353127321,164
660,9ca2_6c7x_ligand_9,21.480466850321452,4.158891434524807,195
661,9ca2_2wej_ligand_6,14.338752529287676,4.264244462581077,105
662,9ca2_4rfc_ligand_9,21.072571297746073,4.283801025004661,110
663,9ca2_5e2s_ligand_6,18.386178270410202,3.993103592989771,336
664,9ca2_3ryy_ligand_8,19.818709981735346,4.180962725207776,238
665,9pti_2tpi_ligand_9,18.775644640661845,4.216415283809763,394
666,9atc_2h3e_ligand_4,62.4888751724657,4.061588689178105,284
667,9ca2_5nxg_ligand_8,19.066711180289015,4.169176183513995,171
668,9ca2_2o4z_ligand_3,14.584433285329853,4.137729168638736,103
669,9ca2_5nya_ligand_3,26.922254302304417,4.177026988860814,159
670,9ca2_5ehv_ligand_6,18.567984589422824,4.249531353127321,164
671,9ca2_6ic2_ligand_4,17.597277587860052,4.193086501787356,108
672,9ca2_5u0e_ligand_6,28.79859289865232,4.27002459330611,166
673,966c_966c_ligand_8,10.309279625847232,4.249769551236357,242
674,9ca2_5ljq_ligand_6,21.911255014764308,4.276441468461551,178
675,9ca2_5ljq_ligand_4,25.9303357051092,4.276441468461551,178
676,9ca2_5eh8_ligand_8,20.64682062374812,4.21241152246388,73
677,9ca2_3n2p_ligand_2,22.0270209484938,4.274702775278782,235
678,9ca2_3dc3_ligand_7,17.295768947811,4.222501990474502,153
679,9ca2_3oy0_ligand_8,14.468156364016924,4.164716274132218,206
680,9ca2_2hnc_ligand_2,16.88185765936343,4.14428222563501,165
681,9ca2_5mjn_ligand_4,20.095077449550885,4.16149194159979,123
682,9ca2_5th4_ligand_6,17.74355665888259,4.2232844338621485,137
683,9ca2_5llg_ligand_4,23.997844204641343,4.224861481476325,114
684,9ca2_6ebe_ligand_3,20.24196144249292,4.217088628426016,223
685,9ca2_6equ_ligand_5,8.789710618187572,4.263290366344742,223
686,9ca2_5th4_ligand_9,17.940817113433667,4.2232844338621485,137
687,9ca2_5txy_ligand_6,15.06280565246375,4.202212865888411,181
688,9ca2_3d9z_ligand_1,17.8850447992212,4.206240423012363,91
689,9ca2_4q6d_ligand_1,17.622016001665724,4.199335136551217,157
690,9ca2_5ehv_ligand_8,16.29718681965641,4.249531353127321,164
691,9ca2_1bcd_ligand_2,17.376033243651516,4.225552406200457,109
692,9ca2_6ugr_ligand_8,17.80209926330475,4.221925792302079,144
693,9ca2_3ryy_ligand_3,19.782224203273287,4.180962725207776,238
694,9ca2_4iwz_ligand_7,17.945182237828405,4.188934343684375,258
695,9ca2_3d9z_ligand_5,9.614612219266343,4.206240423012363,91
696,9ca2_1z9y_ligand_3,19.80586368064,4.238343484818705,169
697,9ca2_6got_ligand_9,16.45391165287067,4.138100891520055,183
698,9ca2_2weh_ligand_7,16.82763925477632,4.283215954057292,121
699,9ca2_1bn3_ligand_8,11.931601828434761,4.235824292696346,157
700,9ca2_4e3g_ligand_2,14.760327543212814,4.150077277624647,95
701,9ca2_5n1s_ligand_9,21.16409132018408,4.237084753389696,174
702,9ca2_1if7_ligand_8,20.833874149541828,4.230219715333946,199
703,9ca2_3dc3_ligand_5,18.264537940100055,4.222501990474502,153
704,9ca2_5amg_ligand_6,19.226438774064107,4.192774476349022,277
705,9ca2_3ryy_ligand_9,15.45146224835193,4.180962725207776,238
706,9pai_4aqh_ligand_3,21.927933514152034,4.258843038370599,0
707,9ca2_2hnc_ligand_9,17.526518791412524,4.14428222563501,165
708,9ca2_1if7_ligand_6,18.269714149762585,4.230219715333946,199
709,966c_966c_ligand_3,8.428955561050426,4.249769551236357,242
710,9ca2_5nxg_ligand_1,22.92848875903635,4.169176183513995,171
711,9ca2_4kni_ligand_3,15.514971339597736,4.2267348366452255,215
712,9ca2_4q8y_ligand_3,15.639397398262158,4.191428988153435,138
713,9ca2_4q83_ligand_7,20.11921847631826,4.248350486486622,117
714,9ca2_1i9p_ligand_4,19.264097527422685,4.215900919513872,158
715,9ca2_4yxi_ligand_5,16.14093398493355,4.272377783281448,116
716,9ca2_5n1s_ligand_3,27.203807414316618,4.237084753389696,174
717,9ca2_1g54_ligand_7,24.280695844391715,4.282655460471162,103
718,9ca2_5eh8_ligand_9,21.210666409216778,4.21241152246388,73
719,9ca2_5ny1_ligand_5,17.11458382330772,4.221364009844978,140
720,9ca2_1g45_ligand_5,25.309077466688013,4.232043901286657,173
721,9ca2_5flq_ligand_6,18.272072722557542,4.303640527800983,101
722,9ca2_4yxi_ligand_2,16.829376045637282,4.272377783281448,116
723,9ca2_4q6d_ligand_2,20.99041535152723,4.199335136551217,157
724,9ca2_3m1k_ligand_4,20.823600266364448,4.179269857690004,130
725,9ca2_3m1k_ligand_6,19.84231236759802,4.179269857690004,130
726,9ca2_4yyt_ligand_6,15.564358185699746,4.170917446930882,165
727,9ca2_1z9y_ligand_7,21.797142495529407,4.238343484818705,169
728,9atc_2h3e_ligand_7,63.74061641611779,4.061588689178105,284
729,9ca2_2o4z_ligand_8,24.15573509664572,4.137729168638736,103
730,9ca2_6ic2_ligand_7,17.78276909579287,4.193086501787356,108
731,9ca2_4mo8_ligand_8,9.431915212105405,4.149795437612073,194
732,9ca2_1if8_ligand_4,16.3329633832841,4.291314195310782,131
733,9ldb_4aji_ligand_5,30.25118413591442,4.146019710126677,58
734,9ca2_4q8y_ligand_7,16.42061692571732,4.191428988153435,138
735,9ca2_5e2r_ligand_5,19.0125453096107,4.235857062244276,183
736,9ca2_6g3q_ligand_4,15.052482364102207,4.154865006929401,126
737,9ca2_5n24_ligand_2,11.345033348519184,4.240970448376174,154
738,9ca2_3t84_ligand_6,17.86551205603663,4.165947682145477,273
739,9ca2_3oy0_ligand_4,20.844686930362045,4.164716274132218,206
740,9ca2_2ez7_ligand_8,21.4731202605837,4.024432552350834,219
741,9ca2_3ml2_ligand_7,14.843257690899694,4.238861575136012,169
742,9ca2_6g3q_ligand_3,19.210782956035906,4.154865006929401,126
743,9ca2_4e3g_ligand_5,19.945246025972843,4.150077277624647,95
744,9ca2_5e2k_ligand_7,16.034206267793795,4.217352004668287,211
745,9ca2_6equ_ligand_1,13.161521812694588,4.263290366344742,223
746,9ca2_5e2r_ligand_8,15.367694513346999,4.235857062244276,183
747,9ca2_5txy_ligand_4,17.48267008373255,4.202212865888411,181
748,9ca2_6c7x_ligand_1,23.478760196259262,4.158891434524807,195
749,9pti_2tpi_ligand_8,19.70512367643117,4.216415283809763,394
750,9ca2_6ugr_ligand_3,12.709372446862023,4.221925792302079,144
751,9ca2_5nxg_ligand_7,23.058038060461136,4.169176183513995,171
752,9ca2_3daz_ligand_3,18.84168900584173,4.266774772436677,157
753,9ca2_1g46_ligand_1,16.793041333887878,4.250802784972031,123
754,9ca2_5wex_ligand_8,15.622894382303075,4.25775101413523,188
755,9ca2_5nya_ligand_9,17.9727489806951,4.177026988860814,159
756,9ca2_1g52_ligand_2,18.291722601090136,4.232162468630344,112
757,9ca2_3hkn_ligand_1,15.048843476100805,4.212124602615782,213
758,9ca2_3hs4_ligand_8,26.087513461078792,4.149230604315024,141
759,9ca2_3d9z_ligand_8,18.851297578958533,4.206240423012363,91
760,9ldb_4aji_ligand_9,28.93787472766282,4.146019710126677,58
761,9ca2_3m96_ligand_5,18.69387461568341,4.248587650389418,172
762,9ca2_2hl4_ligand_4,24.12255936113701,4.17863548630533,275
763,9ca2_3po6_ligand_9,20.653570476904093,4.176349911192486,230
764,966c_966c_ligand_5,21.714647085749082,4.249769551236357,242
765,9ca2_4r5a_ligand_4,15.326146304056126,4.17520282059036,371
766,9ca2_3ml2_ligand_4,22.989483351479553,4.238861575136012,169
767,9ca2_4yxi_ligand_9,15.917510810478799,4.272377783281448,116
768,9ca2_5n0e_ligand_3,19.269952748804975,4.241358180652734,164
769,9atc_2fzk_ligand_8,25.0382538178819,4.130047627618838,271
770,9ca2_2hl4_ligand_2,18.499329165219965,4.17863548630533,275
771,9ca2_3f8e_ligand_4,18.635506706799738,4.031028568095792,185
772,9ca2_5tya_ligand_5,16.569695648336598,4.198889327138819,122
773,9ca2_2hnc_ligand_1,8.85026696571019,4.14428222563501,165
774,9ca2_1i9p_ligand_7,25.73374588530542,4.215900919513872,158
775,9ca2_5n24_ligand_6,17.852582343552804,4.240970448376174,154
776,9ca2_6c7x_ligand_5,13.95521674611449,4.158891434524807,195
777,9ca2_3mho_ligand_3,20.467249764400865,4.266880812334307,140
778,9ca2_5nxp_ligand_3,23.878372432915103,4.149522548468933,152
779,9ca2_6got_ligand_2,23.25115316386919,4.138100891520055,183
780,9ca2_4z0q_ligand_2,19.072556986107138,4.25124185438204,193
781,9ca2_2weh_ligand_1,16.693683333597296,4.283215954057292,121
782,9pti_2tpi_ligand_3,19.672570398119447,4.216415283809763,394
783,9ca2_3hku_ligand_6,22.690821232220593,4.2009005750791575,294
784,9ca2_5ehv_ligand_7,14.732083395861178,4.249531353127321,164
785,9ldb_4aji_ligand_7,35.46456394895957,4.146019710126677,58
786,9ca2_5u0g_ligand_2,19.785858628140904,4.240148296074125,133
787,9ca2_5e28_ligand_9,14.569600897376136,4.2277522074399325,204
788,9ca2_6ic2_ligand_6,20.091092387093404,4.193086501787356,108
789,9ca2_1i9p_ligand_8,19.89063150872263,4.215900919513872,158
790,9ca2_3hs4_ligand_1,16.160664089939768,4.149230604315024,141
791,9ca2_4yyt_ligand_4,19.5335710623602,4.170917446930882,165
792,9ca2_3rz5_ligand_6,16.215981895691034,4.191451338082336,233
793,9ca2_1g54_ligand_2,15.499542561215682,4.282655460471162,103
794,9ca2_3mhc_ligand_9,15.169366264444436,4.20269826735066,263
795,9ca2_5n0e_ligand_1,15.159595551022736,4.241358180652734,164
796,9ca2_2hl4_ligand_7,12.933432404553631,4.17863548630533,275
797,966c_1cgl_ligand_8,18.975078348874128,4.2506864709905585,97
798,9ca2_6g3q_ligand_6,19.226201603292633,4.154865006929401,126
799,9ca2_6ebe_ligand_7,19.40265605914835,4.217088628426016,223
800,9ca2_5sz3_ligand_1,27.339228514169896,4.153992034548913,151
801,9ca2_4mo8_ligand_4,9.567152259670177,4.149795437612073,194
802,9ca2_4iwz_ligand_1,19.577729699148787,4.188934343684375,258
803,9ca2_1if7_ligand_5,17.314413179107227,4.230219715333946,199
804,9ca2_4q8x_ligand_5,20.438694465349702,4.241623167737485,58
805,9ca2_5eh7_ligand_8,17.684177331567025,4.175308948594847,190
806,9ca2_5byi_ligand_8,13.046644483139334,4.140446216481859,168
807,9ca2_5nxg_ligand_2,16.615227014699492,4.169176183513995,171
808,9ca2_3ibl_ligand_8,19.51689493849681,4.25157173659678,173
809,9ca2_5ehv_ligand_1,19.362113749592883,4.249531353127321,164
810,9ca2_3hku_ligand_8,23.321869744941125,4.2009005750791575,294
811,9ca2_5amg_ligand_3,21.70542354914461,4.192774476349022,277
812,9ca2_4bf6_ligand_9,18.67643535920889,4.243994192114627,150
813,9ca2_4z0q_ligand_7,20.774545271552064,4.25124185438204,193
814,9ca2_4e3g_ligand_3,15.05039485504227,4.150077277624647,95
815,9ca2_5llh_ligand_1,21.633729027524673,4.225990692742929,159
816,9ca2_5nya_ligand_8,18.407789885072877,4.177026988860814,159
817,9ca2_5u0e_ligand_3,9.706207077769282,4.27002459330611,166
818,9ca2_5txy_ligand_5,8.911427987136042,4.202212865888411,181
819,9ldb_4i9u_ligand_7,24.740617799571567,4.309387580863129,174
820,9ca2_3hku_ligand_9,23.928583418782424,4.2009005750791575,294
821,9ca2_5e2k_ligand_8,28.68144157607108,4.217352004668287,211
822,9ca2_1g4o_ligand_2,17.787951760454547,4.201047810791511,121
823,9ca2_3m96_ligand_9,19.28967872009002,4.248587650389418,172
824,9ca2_3m96_ligand_1,17.179839956536366,4.248587650389418,172
825,9ca2_4q6d_ligand_5,22.046441538821885,4.199335136551217,157
826,9ca2_3daz_ligand_2,19.619582534695134,4.266774772436677,157
827,9ca2_4kni_ligand_1,17.75627561762288,4.2267348366452255,215
828,9ca2_2ez7_ligand_7,26.39062073436504,4.024432552350834,219
829,9ca2_6ebe_ligand_4,19.45022805465151,4.217088628426016,223
830,9ca2_4r5a_ligand_8,24.75900363204973,4.17520282059036,371
831,9ca2_1bnw_ligand_7,18.403357728258243,4.253074688108777,133
832,9ca2_5sz3_ligand_8,17.789500158897354,4.153992034548913,151
833,9ca2_1if8_ligand_9,18.432597098129037,4.291314195310782,131
834,9ca2_5j8z_ligand_5,16.051684382542117,4.246550397374923,227
835,9ca2_4iwz_ligand_4,21.610862064896207,4.188934343684375,258
836,9ca2_4bf6_ligand_6,15.633235648403351,4.243994192114627,150
837,9ca2_2ez7_ligand_9,24.091518756404632,4.024432552350834,219
838,9ca2_5n0e_ligand_9,14.954438383853493,4.241358180652734,164
839,9ca2_5e28_ligand_5,27.07631137663891,4.2277522074399325,204
840,9ca2_5j8z_ligand_1,13.650704447882713,4.246550397374923,227
841,9ca2_2weh_ligand_9,16.50698145016101,4.283215954057292,121
842,9ca2_3dc3_ligand_1,19.23812447764394,4.222501990474502,153
843,9ca2_2hnc_ligand_3,14.395366773736182,4.14428222563501,165
844,9ca2_4kni_ligand_6,18.26706252653433,4.2267348366452255,215
845,9ca2_5fdc_ligand_7,17.303662722977847,4.19717741106346,114
846,9ca2_5n24_ligand_7,16.368291264696076,4.240970448376174,154
847,9ca2_1g54_ligand_8,24.91306851893002,4.282655460471162,103
848,9ca2_4m2r_ligand_9,20.93261595832741,4.214008088983649,153
849,9ca2_3oy0_ligand_1,17.834153464369926,4.164716274132218,206
850,9ca2_5u0e_ligand_9,17.616844943667715,4.27002459330611,166
851,9ca2_1g46_ligand_4,14.911873120380728,4.250802784972031,123
852,9ca2_5e2r_ligand_3,25.78495562220127,4.235857062244276,183
853,9ca2_5eh8_ligand_4,16.97035458357626,4.21241152246388,73
854,9ca2_3n2p_ligand_7,17.885899697269053,4.274702775278782,235
855,9ca2_4iwz_ligand_6,16.710070420292304,4.188934343684375,258
856,9ca2_2x7t_ligand_7,23.15500500135776,4.266621836271643,120
857,9ca2_5sz1_ligand_5,26.427762321596536,4.244575021689933,97
858,9ca2_5tya_ligand_2,18.457413880322797,4.198889327138819,122
859,9ca2_4q8y_ligand_2,16.50031144636134,4.191428988153435,138
860,9ca2_5u0e_ligand_2,26.57624044195956,4.27002459330611,166
861,9ca2_5n0e_ligand_7,11.73899415522772,4.241358180652734,164
862,9ca2_5flq_ligand_1,18.7163215926844,4.303640527800983,101
863,9ca2_3p5l_ligand_9,20.18605742310491,4.342014941725403,107
864,9ca2_3t84_ligand_5,11.216677603070325,4.165947682145477,273
865,9ldb_4aji_ligand_4,35.417567611120354,4.146019710126677,58
866,9ca2_5ehw_ligand_2,16.81358785228979,4.226560527507317,70
867,9ca2_2x7t_ligand_6,16.921368114443823,4.266621836271643,120
868,9ca2_4yyt_ligand_9,16.457812516479407,4.170917446930882,165
869,9ca2_5sz1_ligand_9,17.98789796200499,4.244575021689933,97
870,9ca2_2ez7_ligand_5,21.934439450549082,4.024432552350834,219
871,9pai_4aqh_ligand_7,21.23386882131101,4.258843038370599,0
872,9ca2_3ml2_ligand_8,13.221851338092929,4.238861575136012,169
873,9ca2_2o4z_ligand_5,18.415234547993876,4.137729168638736,103
874,9ca2_2weh_ligand_8,14.377881546586647,4.283215954057292,121
875,9ca2_1bcd_ligand_8,23.81840979231155,4.225552406200457,109
876,9ca2_5ny1_ligand_6,23.865244840529698,4.221364009844978,140
877,9ca2_5e28_ligand_4,18.806549844246227,4.2277522074399325,204
878,9ca2_5th4_ligand_3,17.36211289454111,4.2232844338621485,137
879,9ca2_1g4o_ligand_4,18.38258099221881,4.201047810791511,121
880,9ca2_3f8e_ligand_9,22.59356114786834,4.031028568095792,185
881,9ca2_5tya_ligand_9,17.585347013867278,4.198889327138819,122
882,9pai_4aqh_ligand_2,21.813461325398077,4.258843038370599,0
883,9ca2_3n2p_ligand_3,12.463700824023707,4.274702775278782,235
884,9ca2_3rz5_ligand_8,13.590203110050043,4.191451338082336,233
885,9ldb_4i9u_ligand_8,25.472012258116006,4.309387580863129,174
886,9ca2_3daz_ligand_4,16.89870261376806,4.266774772436677,157
887,9ca2_3t84_ligand_8,10.849063382637592,4.165947682145477,273
888,9ca2_5mjn_ligand_7,20.165753411030366,4.16149194159979,123
889,9ca2_5sz3_ligand_3,9.994725314850736,4.153992034548913,151
890,9ca2_5e2s_ligand_8,19.181537564100054,3.993103592989771,336
891,966c_1cgl_ligand_2,18.990577091779645,4.2506864709905585,97
892,9ca2_5llg_ligand_8,23.934614781112277,4.224861481476325,114
893,9ca2_5llh_ligand_4,17.233451634735083,4.225990692742929,159
894,9ca2_3ibl_ligand_1,16.043689523931913,4.25157173659678,173
895,9ca2_1if7_ligand_4,7.759028990614289,4.230219715333946,199
896,9ca2_3rz5_ligand_1,16.61940511632982,4.191451338082336,233
897,9ca2_1z9y_ligand_6,13.83285172073389,4.238343484818705,169
898,9ca2_5e2k_ligand_9,21.014863782789803,4.217352004668287,211
899,9ca2_1bnw_ligand_8,19.488435064160488,4.253074688108777,133
900,9ca2_6ugr_ligand_5,18.200707695909646,4.221925792302079,144
901,9ca2_4e3g_ligand_9,26.70071971785067,4.150077277624647,95
902,9ca2_3n2p_ligand_9,22.653689356304042,4.274702775278782,235
903,9ca2_5u0g_ligand_6,29.35357827432534,4.240148296074125,133
904,9ca2_4yxi_ligand_3,15.977060469556447,4.272377783281448,116
905,9ca2_3dbu_ligand_9,21.254039596681498,4.210179993751718,176
906,9ca2_1g52_ligand_5,21.51140371911808,4.232162468630344,112
907,9ca2_6c7x_ligand_7,21.32292489155825,4.158891434524807,195
908,9ca2_5n1s_ligand_1,19.995496982133254,4.237084753389696,174
909,9ca2_4q8x_ligand_9,20.9374543248258,4.241623167737485,58
910,9ca2_1bcd_ligand_4,18.827673106223923,4.225552406200457,109
911,9ca2_3dbu_ligand_6,20.798569980847894,4.210179993751718,176
912,9ca2_3dbu_ligand_3,19.593577220736506,4.210179993751718,176
913,9ca2_4q8y_ligand_9,19.505503393519874,4.191428988153435,138
914,9ca2_3m96_ligand_4,18.427222553590326,4.248587650389418,172
915,9ca2_5ti0_ligand_4,16.793829288456262,4.221069761159063,165
916,9ca2_5fls_ligand_5,18.490169721830714,4.253724832426281,98
917,9ca2_6g3q_ligand_8,14.686633390321576,4.154865006929401,126
918,9ca2_3r16_ligand_9,19.30816967242718,4.234885628123398,189
919,9ca2_3m1k_ligand_2,21.231246182611766,4.179269857690004,130
920,9ca2_3p5l_ligand_5,28.375514170573982,4.342014941725403,107
921,9ca2_5llg_ligand_1,20.88596046818463,4.224861481476325,114
922,9ca2_6ebe_ligand_1,12.659963050847296,4.217088628426016,223
923,9ca2_4iwz_ligand_5,21.35597567057299,4.188934343684375,258
924,9ca2_5n1s_ligand_8,15.480229134322796,4.237084753389696,174
925,9ca2_5fdc_ligand_4,17.465083398627648,4.19717741106346,114
926,9ca2_3f8e_ligand_6,19.80147310903083,4.031028568095792,185
927,9ca2_6got_ligand_4,21.692226881327926,4.138100891520055,183
928,966c_966c_ligand_2,8.752405299741586,4.249769551236357,242
929,9ca2_5e2s_ligand_4,15.759357196155708,3.993103592989771,336
930,9ca2_3r16_ligand_8,16.376002737668376,4.234885628123398,189
931,9atc_2fzk_ligand_2,16.30616385631503,4.130047627618838,271
932,9ca2_5flo_ligand_4,20.236286087035094,4.190122483122286,158
933,9ca2_4mo8_ligand_2,15.178716352205786,4.149795437612073,194
934,9ca2_5nya_ligand_2,17.95442810462374,4.177026988860814,159
935,9ca2_4e3g_ligand_4,16.18238011640152,4.150077277624647,95
936,9ca2_5th4_ligand_4,15.630775187966346,4.2232844338621485,137
937,9ca2_3t84_ligand_3,15.773483787828164,4.165947682145477,273
938,9ca2_4q83_ligand_9,18.675086095779655,4.248350486486622,117
939,9ca2_5ehv_ligand_2,19.796146324144924,4.249531353127321,164
940,9ca2_5llh_ligand_5,18.839916133454103,4.225990692742929,159
941,9ca2_4q6d_ligand_6,28.12977009260764,4.199335136551217,157
942,966c_1cgl_ligand_7,18.981549628901888,4.2506864709905585,97
943,9ca2_1z9y_ligand_2,20.048016040933195,4.238343484818705,169
944,9ca2_1i9p_ligand_6,19.35767141943717,4.215900919513872,158
945,9ca2_1g52_ligand_4,15.544688025003978,4.232162468630344,112
946,9ca2_1bn1_ligand_6,19.587745110232785,4.25293306389399,149
947,9ca2_3n2p_ligand_1,22.152000191639228,4.274702775278782,235
948,9ca2_5nxg_ligand_5,19.735125051748202,4.169176183513995,171
949,9ca2_3ibl_ligand_4,18.19577285520972,4.25157173659678,173
950,9ca2_5amg_ligand_7,19.28609342923533,4.192774476349022,277
951,9ca2_6equ_ligand_7,17.389326374457312,4.263290366344742,223
952,9ca2_4q8x_ligand_3,21.464444938568374,4.241623167737485,58
953,9ca2_4m2u_ligand_3,19.842177683658743,4.219144491803812,137
954,966c_966c_ligand_4,8.047320208660556,4.249769551236357,242
955,9ca2_5flq_ligand_9,21.384345209503504,4.303640527800983,101
956,9ca2_5aml_ligand_3,21.06898226650919,4.222179647621979,281
957,9ca2_1z9y_ligand_4,19.803186273572212,4.238343484818705,169
958,9ca2_5sz3_ligand_2,25.56992587327489,4.153992034548913,151
959,9ca2_1bn1_ligand_7,18.822126935585956,4.25293306389399,149
960,9ca2_6ugr_ligand_1,18.509095179802827,4.221925792302079,144
961,9ca2_6ugr_ligand_9,20.46483284350254,4.221925792302079,144
962,9ca2_4z0q_ligand_8,19.493837443382095,4.25124185438204,193
963,9ca2_5fls_ligand_3,16.30903056806797,4.253724832426281,98
964,9ca2_5amg_ligand_5,12.299021982716484,4.192774476349022,277
965,9ca2_3p5l_ligand_1,22.259773688577038,4.342014941725403,107
966,9ca2_4m2u_ligand_9,20.409014498753848,4.219144491803812,137
967,9ca2_5n0e_ligand_4,15.022632773487437,4.241358180652734,164
968,9ca2_5n24_ligand_1,11.06573526200988,4.240970448376174,154
969,9ca2_5aml_ligand_4,13.727119115248668,4.222179647621979,281
970,9ca2_5wex_ligand_7,27.349886638691085,4.25775101413523,188
971,9ca2_1g52_ligand_3,15.634968589078039,4.232162468630344,112
972,9ca2_5nxp_ligand_2,20.123955167660267,4.149522548468933,152
973,9ca2_3s77_ligand_5,14.989398220687468,4.139072801725099,164
974,9ca2_2weh_ligand_5,16.863369713702248,4.283215954057292,121
975,9ca2_3n3j_ligand_1,18.845206021691563,4.220250516554749,279
976,9ca2_5sz1_ligand_2,21.49607190837889,4.244575021689933,97
977,9ca2_3ibl_ligand_3,25.826340139477765,4.25157173659678,173
978,9ca2_4e3g_ligand_8,25.893024261183626,4.150077277624647,95
979,9ca2_5byi_ligand_2,18.895913496723246,4.140446216481859,168
980,9ca2_3m96_ligand_2,17.839463595910907,4.248587650389418,172
981,9ca2_3mhc_ligand_6,16.986072405260636,4.20269826735066,263
982,9ldb_4aji_ligand_6,34.609325956455095,4.146019710126677,58
983,9ca2_3dbu_ligand_5,22.88427775486267,4.210179993751718,176
984,9ca2_4yyt_ligand_5,17.810097952740367,4.170917446930882,165
985,9ca2_4z0q_ligand_6,12.375335495009217,4.25124185438204,193
986,9ca2_3r16_ligand_2,17.23816241490804,4.234885628123398,189
987,9ca2_3t84_ligand_1,11.379506822011011,4.165947682145477,273
988,9ca2_1cny_ligand_1,15.831697092098208,4.262862120321159,106
989,9ca2_3m96_ligand_7,18.489544833110234,4.248587650389418,172
990,9ca2_3ml2_ligand_5,14.640509655297206,4.238861575136012,169
991,9ca2_4kni_ligand_4,16.819225777115093,4.2267348366452255,215
992,9pai_4aqh_ligand_4,20.116101477393528,4.258843038370599,0
993,966c_1cgl_ligand_9,18.06703867147004,4.2506864709905585,97
994,9ca2_3mhc_ligand_7,20.237949639763944,4.20269826735066,263
995,9ca2_3d9z_ligand_3,19.77738274755493,4.206240423012363,91
996,9ldb_4i9u_ligand_4,24.088682711206815,4.309387580863129,174
997,9ca2_5aml_ligand_5,21.316850907667355,4.222179647621979,281
998,9ca2_1g4o_ligand_3,16.174838706480053,4.201047810791511,121
999,9ca2_5ehv_ligand_9,18.09896054810163,4.249531353127321,164
1000,9ca2_1bcd_ligand_5,10.229997526291541,4.225552406200457,109
1001,9ca2_3mho_ligand_2,18.147492990543807,4.266880812334307,140
1002,9ca2_6ebe_ligand_8,16.108053011670023,4.217088628426016,223
1003,9ca2_3hkn_ligand_4,23.940893446721503,4.212124602615782,213
1004,9ca2_3hku_ligand_5,25.095894419576254,4.2009005750791575,294
1005,9ca2_4z0q_ligand_9,18.805720842743696,4.25124185438204,193
1006,9ca2_5n1s_ligand_4,26.523857557545334,4.237084753389696,174
1007,9ca2_1z9y_ligand_9,20.567226882137078,4.238343484818705,169
1008,9ca2_4rn4_ligand_7,16.87581914351733,4.1814794604854315,280
1009,9ca2_1if7_ligand_7,17.123459821635283,4.230219715333946,199
1010,9ca2_3dc3_ligand_8,17.066087861996543,4.222501990474502,153
1011,9ca2_5tya_ligand_8,10.78132397674742,4.198889327138819,122
1012,9ca2_5fdc_ligand_3,11.053784732138519,4.19717741106346,114
1013,9ldb_4aji_ligand_1,31.77329788462072,4.146019710126677,58
1014,9ca2_1cny_ligand_2,13.96671220604999,4.262862120321159,106
1015,9pti_2tpi_ligand_6,19.021917461090823,4.216415283809763,394
1016,9ca2_5ljq_ligand_5,15.391978917238047,4.276441468461551,178
1017,9ldb_4i9u_ligand_9,22.234381080095872,4.309387580863129,174
1018,9ca2_5o07_ligand_1,16.532007154204432,4.172653854605644,151
1019,9ca2_5ty9_ligand_6,18.62558024287157,4.182810203956853,141
1020,9ca2_3r16_ligand_3,16.563884351709106,4.234885628123398,189
1021,9ca2_1bn1_ligand_2,17.35804003058664,4.25293306389399,149
1022,9ca2_4m2r_ligand_6,21.83596660221253,4.214008088983649,153
1023,966c_1cgl_ligand_1,18.720085594197695,4.2506864709905585,97
1024,9ca2_5th4_ligand_5,17.88144408350813,4.2232844338621485,137
1025,9ca2_2hl4_ligand_8,13.179628237509105,4.17863548630533,275
1026,9ca2_1bn3_ligand_5,11.281704835422248,4.235824292696346,157
1027,9ca2_3f8e_ligand_5,15.75446604738974,4.031028568095792,185
1028,9ca2_6equ_ligand_8,18.99421398290549,4.263290366344742,223
1029,9ca2_5ti0_ligand_3,19.445775401899816,4.221069761159063,165
1030,9atc_2h3e_ligand_6,66.17811491271112,4.061588689178105,284
1031,9ca2_4rfc_ligand_4,17.59210754715603,4.283801025004661,110
1032,9ca2_5o07_ligand_5,10.737591946366125,4.172653854605644,151
1033,9ca2_6ebe_ligand_9,20.775804326224648,4.217088628426016,223
1034,9ca2_5flq_ligand_8,25.75799027467391,4.303640527800983,101
1035,9ca2_4q8x_ligand_4,20.1928110890258,4.241623167737485,58
1036,9ca2_1cny_ligand_7,20.09745049789493,4.262862120321159,106
1037,9ca2_5eh8_ligand_5,25.222640445410576,4.21241152246388,73
1038,9ca2_3po6_ligand_7,22.755071010086386,4.176349911192486,230
1039,9ca2_2o4z_ligand_4,25.859075309211224,4.137729168638736,103
1040,9atc_2h3e_ligand_3,61.68521427376256,4.061588689178105,284
1041,9ca2_3d9z_ligand_7,9.688826508506606,4.206240423012363,91
1042,9ca2_3ml2_ligand_2,16.939652725930898,4.238861575136012,169
1043,9ca2_3hku_ligand_4,24.490123247122686,4.2009005750791575,294
1044,9ca2_6ic2_ligand_2,18.547318654315124,4.193086501787356,108
1045,9ca2_3n3j_ligand_9,15.042260194356338,4.220250516554749,279
1046,9ca2_2hnc_ligand_5,9.417124418729397,4.14428222563501,165
1047,9ca2_2wej_ligand_4,14.916493338235211,4.264244462581077,105
1048,9ca2_3ryy_ligand_4,26.76296763679041,4.180962725207776,238
1049,9ca2_3t84_ligand_2,16.098805129498306,4.165947682145477,273
1050,9ca2_4rfc_ligand_3,19.791326832091066,4.283801025004661,110
1051,9ca2_5fls_ligand_7,28.17729637476293,4.253724832426281,98
1052,9ca2_1g4o_ligand_8,19.00435860702792,4.201047810791511,121
1053,9ca2_4q6d_ligand_7,21.99386130040004,4.199335136551217,157
1054,9ca2_5llg_ligand_9,19.400631769904525,4.224861481476325,114
1055,9ca2_1g52_ligand_8,18.90498462633213,4.232162468630344,112
1056,9ca2_5sz1_ligand_8,26.270401869635666,4.244575021689933,97
1057,9ca2_4r5a_ligand_6,23.571237474703974,4.17520282059036,371
1058,9ca2_2hl4_ligand_3,14.039310019033218,4.17863548630533,275
1059,9ca2_1bn1_ligand_5,19.924137769428626,4.25293306389399,149
1060,9ca2_1bn3_ligand_2,16.819832149723485,4.235824292696346,157
1061,9ca2_3daz_ligand_1,17.17561349164232,4.266774772436677,157
